Rk,Gcar,Gtm,Date,Team,NA,Opp,Result,Inngs,PA,AB,R,H,2B,3B,HR,RBI,SB,CS,BB,SO,BA,OBP,SLG,OPS,TB,GIDP,HBP,SH,SF,IBB,aLI,WPA,acLI,cWPA,RE24,DFS(DK),DFS(FD),BOP,Pos
1.0,780.0,1.0,2024-03-28,NYY,@,HOU,W 5-4,CG,5,3,0,1,0,0,0,1,0,0,2,1,0.333,0.6,0.333,0.933,1,0,0,0,0,0,0.93,0.115,0.86,0.06%,1.18,9.0,12.5,2.0,RF
2.0,781.0,2.0,2024-03-29,NYY,@,HOU,W 7-1,CG,5,4,0,3,1,0,0,1,0,0,1,0,0.571,0.7,0.714,1.414,4,0,0,0,0,0,1.45,0.153,1.43,0.09%,1.6,15.0,18.5,2.0,RF
3.0,782.0,3.0,2024-03-30,NYY,@,HOU,W 5-3,CG,5,5,2,2,0,0,1,1,0,0,0,0,0.5,0.6,0.833,1.433,5,1,0,0,0,0,0.89,0.124,0.93,0.08%,0.12,19.0,24.9,2.0,RF
4.0,783.0,4.0,2024-03-31,NYY,@,HOU,W 4-3,CG,5,5,0,3,0,0,0,1,0,0,0,1,0.529,0.6,0.765,1.365,3,0,0,0,0,0,1.52,0.394,1.61,0.25%,1.45,11.0,12.5,2.0,RF
5.0,784.0,5.0,2024-04-01,NYY,@,ARI,W 5-2,CG,5,3,0,0,0,0,0,0,0,0,2,1,0.45,0.56,0.65,1.21,0,0,0,0,0,0,0.48,-0.015,0.49,-0.01%,-0.31,4.0,6.0,2.0,RF
6.0,785.0,6.0,2024-04-02,NYY,@,ARI,L 0-7,CG,4,4,0,1,0,0,0,0,0,0,0,1,0.417,0.517,0.583,1.101,1,1,0,0,0,0,0.67,-0.061,0.7,-0.04%,-0.93,3.0,3.0,2.0,RF
7.0,786.0,7.0,2024-04-03,NYY,@,ARI,W 6-5 (11),CG(11),5,5,1,0,0,0,0,0,0,0,0,0,0.345,0.441,0.483,0.924,0,0,0,0,0,0,1.44,-0.183,1.49,-0.11%,-1.32,2.0,3.2,2.0,RF
8.0,787.0,8.0,2024-04-05,NYY,,TOR,L 0-3,CG,4,4,0,0,0,0,0,0,0,0,0,2,0.303,0.395,0.424,0.819,0,0,0,0,0,0,1.12,-0.112,1.29,-0.08%,-0.79,0.0,0.0,2.0,RF
9.0,788.0,9.0,2024-04-06,NYY,,TOR,W 9-8,CG,5,3,1,2,0,0,0,2,0,0,2,0,0.333,0.442,0.444,0.886,2,0,0,0,0,0,0.25,0.051,0.28,0.04%,2.14,16.0,22.2,2.0,RF
10.0,789.0,10.0,2024-04-07,NYY,,TOR,W 8-3,CG,5,3,1,1,0,0,0,1,0,0,1,1,0.333,0.438,0.436,0.873,1,0,0,0,1,0,0.47,0.012,0.57,0.01%,0.04,9.0,12.7,2.0,RF
11.0,790.0,11.0,2024-04-08,NYY,,MIA,W 7-0,CG,4,3,1,2,1,0,1,3,0,0,1,1,0.357,0.462,0.548,1.009,6,0,0,0,0,0,0.5,0.147,0.55,0.10%,2.82,25.0,34.7,2.0,RF
12.0,791.0,12.0,2024-04-09,NYY,,MIA,W 3-2,CG,5,4,1,1,0,0,0,1,1,0,1,0,0.348,0.456,0.522,0.978,1,0,0,0,0,0,0.71,0.157,0.79,0.10%,1.89,14.0,18.7,2.0,RF
13.0,792.0,13.0,2024-04-10,NYY,,MIA,L 2-5,CG,5,4,0,2,1,0,0,1,0,0,1,0,0.36,0.468,0.54,1.008,3,0,0,0,0,0,1.02,0.184,1.13,0.12%,1.52,12.0,15.5,2.0,RF
14.0,793.0,14.0,2024-04-13 (1),NYY,@,CLE,W 3-2,CG,5,4,0,0,0,0,0,0,0,0,1,2,0.333,0.448,0.5,0.948,0,0,0,0,0,0,0.65,-0.027,0.77,-0.02%,-0.41,2.0,3.0,2.0,RF
15.0,794.0,15.0,2024-04-13 (2),NYY,@,CLE,W 8-2,GS-9,5,3,2,1,0,0,1,3,0,0,2,0,0.333,0.458,0.544,1.002,4,0,0,0,0,0,0.59,0.145,0.72,0.11%,2.76,24.0,34.9,2.0,RF
16.0,795.0,16.0,2024-04-14,NYY,@,CLE,L 7-8 (10),CG(10),5,4,2,2,0,0,0,0,0,1,1,0,0.344,0.468,0.541,1.009,2,0,0,0,0,0,1.51,-0.028,1.83,-0.02%,0.22,12.0,15.4,2.0,RF
17.0,796.0,17.0,2024-04-15,NYY,@,TOR,L 1-3,CG,4,3,0,0,0,0,0,0,0,0,1,0,0.328,0.457,0.516,0.972,0,0,0,0,0,0,1.27,-0.039,1.56,-0.03%,-0.36,2.0,3.0,2.0,RF
18.0,797.0,18.0,2024-04-16,NYY,@,TOR,L 4-5,CG,4,4,0,1,0,0,0,0,0,0,0,1,0.324,0.447,0.5,0.947,1,0,0,0,0,0,0.97,-0.013,1.22,-0.01%,-0.16,3.0,3.0,2.0,RF
19.0,798.0,19.0,2024-04-17,NYY,@,TOR,W 6-4,CG,5,3,1,3,1,0,1,2,0,0,2,0,0.352,0.478,0.577,1.055,7,0,0,0,0,0,1.67,0.263,2.08,0.20%,2.91,28.0,37.2,2.0,RF
20.0,799.0,20.0,2024-04-19,NYY,,TBR,W 5-3,CG,4,4,1,1,0,0,1,3,0,0,0,0,0.347,0.468,0.6,1.068,4,0,0,0,0,0,1.28,0.055,1.59,0.04%,1.61,18.0,25.7,2.0,RF
21.0,800.0,21.0,2024-04-20,NYY,,TBR,L 0-2 (10),CG(10),4,4,0,2,1,0,0,0,0,0,0,0,0.354,0.469,0.608,1.077,3,0,0,0,0,0,1.01,-0.009,1.22,-0.01%,0.14,8.0,9.0,2.0,RF
22.0,801.0,22.0,2024-04-21,NYY,,TBR,W 5-4,CG,5,4,1,0,0,0,0,0,0,0,1,1,0.337,0.456,0.578,1.035,0,0,0,0,0,0,0.77,-0.061,0.94,-0.05%,-0.81,4.0,6.2,2.0,RF
23.0,802.0,23.0,2024-04-22,NYY,,OAK,L 0-2,CG,4,4,0,0,0,0,0,0,0,0,0,2,0.322,0.439,0.552,0.991,0,0,0,0,0,0,1.17,-0.113,1.32,-0.08%,-0.91,0.0,0.0,2.0,RF
24.0,803.0,24.0,2024-04-23,NYY,,OAK,W 4-3,CG,4,4,1,1,0,0,0,0,0,0,0,2,0.319,0.432,0.538,0.971,1,1,0,0,0,0,0.64,-0.053,0.73,-0.04%,-1.2,5.0,6.2,2.0,RF
25.0,804.0,25.0,2024-04-24,NYY,,OAK,W 7-3,CG,5,3,2,1,0,0,1,2,0,0,1,0,0.319,0.431,0.564,0.995,4,0,0,0,1,0,0.75,0.064,0.88,0.05%,0.13,20.0,28.4,2.0,RF
26.0,805.0,26.0,2024-04-25,NYY,,OAK,L 1-3,CG,5,4,0,1,1,0,0,0,0,0,1,1,0.316,0.43,0.561,0.991,2,0,0,0,0,0,1.49,0.029,1.73,0.02%,0.62,7.0,9.0,2.0,RF
27.0,806.0,27.0,2024-04-26,NYY,@,MIL,L 6-7 (11),CG(11),5,4,1,2,0,0,1,1,0,0,1,0,0.324,0.437,0.588,1.025,5,0,0,0,0,0,1.36,0.126,1.52,0.08%,1.17,19.0,24.7,2.0,RF
28.0,807.0,28.0,2024-04-27,NYY,@,MIL,W 15-3,GS-7,5,3,2,1,0,0,0,0,0,0,2,0,0.324,0.443,0.581,1.024,1,0,0,0,0,0,0.47,0.035,0.54,0.02%,0.99,11.0,15.4,2.0,RF
29.0,808.0,29.0,2024-04-28,NYY,@,MIL,W 15-5,GS-8,5,5,1,1,0,0,0,1,1,0,0,0,0.318,0.434,0.564,0.997,1,0,0,0,0,0,0.35,0.004,0.4,0.00%,0.11,12.0,15.7,2.0,RF
30.0,809.0,30.0,2024-04-29,NYY,@,BAL,L 0-2,CG,4,4,0,1,0,0,0,0,0,0,0,1,0.316,0.429,0.553,0.981,1,0,0,0,0,0,1.52,-0.011,2.09,-0.01%,0.06,3.0,3.0,2.0,RF
31.0,810.0,31.0,2024-04-30,NYY,@,BAL,L 2-4,CG,4,3,1,2,0,0,1,1,0,0,1,0,0.325,0.438,0.581,1.019,5,0,0,0,0,0,1.0,0.084,1.34,0.07%,1.23,19.0,24.7,2.0,RF
32.0,811.0,32.0,2024-05-01,NYY,@,BAL,W 2-0,CG,4,3,0,1,0,0,0,0,2,1,1,1,0.325,0.439,0.575,1.014,1,0,0,0,0,0,0.78,-0.005,1.06,-0.01%,-0.12,15.0,18.0,2.0,RF
33.0,812.0,33.0,2024-05-02,NYY,@,BAL,L 2-7,CG,4,4,0,2,0,1,0,0,0,0,0,1,0.331,0.441,0.589,1.03,4,0,0,0,0,0,0.65,-0.03,0.9,-0.03%,-0.2,11.0,12.0,2.0,RF
34.0,813.0,34.0,2024-05-03,NYY,,DET,W 2-1,CG,4,4,0,0,0,0,0,0,0,0,0,1,0.32,0.429,0.57,1.0,0,1,0,0,0,0,1.37,-0.181,1.65,-0.13%,-1.26,0.0,0.0,2.0,RF
35.0,814.0,35.0,2024-05-04,NYY,,DET,W 5-3,CG,4,4,1,1,0,0,0,0,0,0,0,0,0.318,0.425,0.561,0.986,1,0,0,0,0,0,0.81,0.058,1.01,0.04%,0.34,5.0,6.2,2.0,RF
36.0,815.0,36.0,2024-05-05,NYY,,DET,W 5-2 (8),CG(8),4,4,0,1,1,0,0,3,0,0,0,2,0.316,0.421,0.559,0.98,2,0,0,0,0,0,1.45,0.167,1.84,0.13%,1.49,11.0,16.5,2.0,RF
37.0,816.0,37.0,2024-05-07,NYY,,HOU,W 10-3,GS-7,5,4,2,3,0,0,0,0,0,0,0,0,0.329,0.432,0.564,0.996,3,0,1,0,0,0,0.29,0.053,0.34,0.04%,0.82,15.0,18.4,2.0,RF
38.0,817.0,38.0,2024-05-08,NYY,,HOU,W 9-4,CG,5,5,1,3,0,0,1,5,0,0,0,0,0.338,0.437,0.586,1.023,6,0,0,0,0,0,0.91,0.206,1.11,0.15%,2.6,28.0,38.7,2.0,RF
39.0,818.0,39.0,2024-05-09,NYY,,HOU,L 3-4,CG,4,2,0,0,0,0,0,0,0,0,2,0,0.333,0.438,0.578,1.016,0,0,0,0,0,0,1.47,0.04,1.78,0.03%,0.53,4.0,6.0,2.0,RF
40.0,819.0,40.0,2024-05-10,NYY,@,TBR,W 2-0,CG,4,4,0,0,0,0,0,0,0,0,0,1,0.325,0.429,0.563,0.991,0,0,0,0,0,0,1.1,-0.113,1.42,-0.09%,-1.03,0.0,0.0,2.0,RF
41.0,820.0,41.0,2024-05-11,NYY,@,TBR,L 2-7,CG,4,4,0,0,0,0,0,0,0,0,0,0,0.316,0.419,0.548,0.968,0,0,0,0,0,0,1.35,-0.145,1.72,-0.11%,-1.18,0.0,0.0,2.0,RF
42.0,821.0,42.0,2024-05-12,NYY,@,TBR,W 10-6,CG,5,4,1,1,0,0,0,1,0,0,0,0,0.314,0.414,0.541,0.954,1,0,0,0,1,0,0.37,-0.015,0.46,-0.01%,-0.37,7.0,9.7,2.0,RF
43.0,822.0,43.0,2024-05-14,NYY,@,MIN,W 5-1,CG,5,4,1,1,0,0,0,0,0,0,1,1,0.313,0.413,0.534,0.947,1,0,0,0,0,0,0.63,-0.042,0.77,-0.03%,-1.02,7.0,9.2,2.0,RF
44.0,823.0,44.0,2024-05-15,NYY,@,MIN,W 4-0,CG,5,5,1,1,1,0,0,0,0,0,0,2,0.31,0.408,0.53,0.938,2,1,0,0,0,0,0.57,-0.048,0.71,-0.04%,-1.2,7.0,9.2,2.0,RF
45.0,824.0,45.0,2024-05-16,NYY,@,MIN,W 5-0,CG,5,4,1,0,0,0,0,0,0,0,1,2,0.302,0.403,0.517,0.92,0,0,0,0,0,0,0.41,-0.045,0.5,-0.03%,-0.57,4.0,6.2,2.0,RF
46.0,825.0,46.0,2024-05-17,NYY,,CHW,W 4-2,CG,4,4,0,1,1,0,0,0,0,0,0,1,0.301,0.4,0.517,0.917,2,0,0,0,0,0,0.41,-0.019,0.47,-0.01%,-0.34,5.0,6.0,2.0,RF
47.0,826.0,47.0,2024-05-18,NYY,,CHW,W 6-1,CG,5,4,2,4,0,0,2,3,0,0,1,0,0.317,0.414,0.561,0.975,10,0,0,0,0,0,0.36,0.212,0.39,0.14%,3.44,38.0,49.9,2.0,RF
48.0,827.0,48.0,2024-05-19,NYY,,CHW,W 7-2,CG,4,3,1,0,0,0,0,0,0,0,1,1,0.311,0.411,0.552,0.963,0,0,0,0,0,0,0.66,-0.027,0.69,-0.02%,-0.26,4.0,6.2,2.0,RF
49.0,828.0,49.0,2024-05-20,NYY,,SEA,L 4-5,CG,5,4,2,2,0,0,0,0,0,0,1,1,0.316,0.415,0.551,0.966,2,0,0,0,0,0,1.02,0.074,1.16,0.05%,0.26,12.0,15.4,2.0,RF
50.0,829.0,50.0,2024-05-21,NYY,,SEA,L 3-6,CG,4,4,0,0,0,0,0,0,0,0,0,2,0.309,0.408,0.539,0.947,0,0,0,0,0,0,1.18,-0.121,1.39,-0.09%,-0.81,0.0,0.0,2.0,RF
51.0,830.0,51.0,2024-05-22,NYY,,SEA,W 7-3,CG,4,4,2,2,0,0,2,3,0,0,0,1,0.313,0.409,0.569,0.979,8,0,0,0,0,0,0.64,0.122,0.79,0.09%,1.77,30.0,40.9,2.0,RF
52.0,831.0,52.0,2024-05-23,NYY,,SEA,W 5-0,CG,5,4,1,1,0,0,0,1,0,0,1,1,0.312,0.409,0.563,0.972,1,1,0,0,0,0,0.61,-0.063,0.74,-0.05%,-0.39,9.0,12.7,2.0,RF
53.0,832.0,53.0,2024-05-24,NYY,@,SDP,W 8-0,CG,5,4,1,2,1,0,1,2,0,0,1,1,0.315,0.413,0.581,0.995,6,0,0,0,0,0,0.45,0.132,0.48,0.09%,1.55,23.0,31.2,2.0,RF
54.0,833.0,54.0,2024-05-25,NYY,@,SDP,W 4-1,CG,4,4,0,0,0,0,0,0,0,0,0,2,0.309,0.407,0.57,0.977,0,0,0,0,0,0,0.59,-0.058,0.59,-0.04%,-1.08,0.0,0.0,2.0,RF
55.0,834.0,55.0,2024-05-26,NYY,@,SDP,L 2-5,CG,4,3,0,1,1,0,0,1,0,0,1,0,0.31,0.408,0.571,0.979,2,0,0,0,0,0,0.96,0.122,0.92,0.07%,0.81,9.0,12.5,2.0,RF
56.0,835.0,56.0,2024-05-28,NYY,@,LAA,L 3-4,CG,5,5,1,2,0,0,1,2,0,0,0,1,0.312,0.408,0.581,0.989,5,0,0,0,0,0,1.31,0.126,1.34,0.08%,1.3,19.0,25.2,2.0,RF
57.0,836.0,57.0,2024-05-29,NYY,@,LAA,W 2-1,CG,5,3,0,1,0,0,0,0,0,0,2,1,0.312,0.412,0.578,0.99,1,0,0,0,0,0,0.87,0.064,0.96,0.04%,0.78,7.0,9.0,2.0,RF
58.0,837.0,58.0,2024-05-30,NYY,@,LAA,W 8-3,CG,5,3,1,1,0,1,0,3,0,0,2,1,0.312,0.415,0.584,0.999,3,0,0,0,0,0,0.72,0.125,0.74,0.08%,2.79,20.0,28.7,2.0,RF
59.0,838.0,59.0,2024-05-31,NYY,@,SFG,W 6-2,CG,4,4,1,1,0,0,0,0,0,0,0,1,0.311,0.413,0.578,0.99,1,0,0,0,0,0,0.61,0.051,0.6,0.03%,0.31,5.0,6.2,2.0,RF
60.0,839.0,60.0,2024-06-01,NYY,@,SFG,W 7-3,CG,4,3,1,2,0,1,0,1,0,0,0,1,0.316,0.414,0.588,1.002,4,0,0,0,1,0,0.65,0.04,0.6,0.02%,0.33,15.0,18.7,2.0,RF
61.0,840.0,61.0,2024-06-02,NYY,@,SFG,W 7-5,CG,5,5,3,3,0,0,2,3,0,0,0,2,0.322,0.417,0.614,1.031,9,0,0,0,0,0,1.74,0.619,1.59,0.34%,2.34,35.0,47.1,2.0,RF
62.0,841.0,62.0,2024-06-04,NYY,,MIN,W 5-1,CG,4,2,0,0,0,0,0,0,0,0,2,0,0.319,0.418,0.609,1.027,0,0,0,0,0,0,0.65,-0.023,0.62,-0.01%,-0.43,4.0,6.0,2.0,RF
63.0,842.0,63.0,2024-06-05,NYY,,MIN,W 9-5,CG,5,3,2,1,0,0,0,0,0,0,2,2,0.319,0.422,0.605,1.027,1,0,0,0,0,0,0.42,0.097,0.39,0.05%,1.52,11.0,15.4,2.0,RF
64.0,843.0,64.0,2024-06-06,NYY,,MIN,W 8-5,GS-6,3,1,1,0,0,0,0,0,0,0,2,0,0.318,0.424,0.603,1.027,0,0,0,0,0,0,0.73,0.053,0.61,0.03%,0.35,6.0,9.2,2.0,RF
65.0,844.0,68.0,2024-06-10,NYY,@,KCR,W 4-2,CG,4,3,1,1,0,0,0,0,0,0,1,0,0.318,0.425,0.599,1.024,1,0,0,0,0,0,0.38,0.007,0.34,0.00%,-0.01,7.0,9.2,2.0,DH
66.0,845.0,69.0,2024-06-11,NYY,@,KCR,W 10-1,GS-7,4,2,2,0,0,0,0,0,0,0,2,0,0.316,0.426,0.594,1.02,0,0,0,0,0,0,0.43,0.02,0.34,0.01%,0.41,8.0,12.4,2.0,RF
67.0,846.0,70.0,2024-06-12,NYY,@,KCR,W 11-5,CG,5,2,3,1,0,0,0,0,0,0,2,0,0.317,0.432,0.594,1.026,1,0,1,0,0,0,0.35,0.035,0.27,0.02%,1.06,15.0,21.6,2.0,RF
68.0,847.0,71.0,2024-06-13,NYY,@,KCR,L 3-4,CG,4,4,0,2,0,0,0,1,0,0,0,1,0.32,0.433,0.592,1.025,2,0,0,0,0,0,1.45,0.241,1.06,0.11%,0.66,8.0,9.5,2.0,RF
69.0,848.0,72.0,2024-06-14,NYY,@,BOS,W 8-1,CG,5,4,2,1,1,0,0,0,0,0,1,1,0.319,0.433,0.591,1.023,2,0,0,0,0,0,0.53,-0.01,0.42,-0.01%,-0.31,11.0,15.4,2.0,LF
70.0,849.0,73.0,2024-06-15,NYY,@,BOS,L 4-8,CG,5,3,1,1,0,0,1,1,0,0,2,1,0.319,0.435,0.599,1.035,4,0,0,0,0,0,0.67,0.094,0.52,0.04%,1.17,18.0,24.7,2.0,LF
71.0,850.0,74.0,2024-06-16,NYY,@,BOS,L 3-9,CG,4,3,0,0,0,0,0,0,0,0,1,0,0.315,0.433,0.592,1.025,0,0,0,0,0,0,0.9,-0.054,0.74,-0.03%,-0.32,2.0,3.0,2.0,LF
72.0,851.0,75.0,2024-06-18,NYY,,BAL,W 4-2,CG,5,2,0,0,0,0,0,0,0,0,3,1,0.313,0.436,0.588,1.023,0,0,0,0,0,0,0.52,0.003,0.71,0.00%,0.36,6.0,9.0,2.0,RF
73.0,852.0,76.0,2024-06-19,NYY,,BAL,L 6-7 (10),CG(10),5,4,2,1,0,0,0,0,0,0,1,0,0.312,0.435,0.583,1.018,1,0,0,0,0,0,1.86,-0.172,2.44,-0.14%,-0.5,9.0,12.4,2.0,RF
74.0,853.0,77.0,2024-06-20,NYY,,BAL,L 5-17,GS-8,4,3,1,0,0,0,0,1,0,0,1,0,0.309,0.433,0.576,1.009,0,0,0,0,0,0,0.27,-0.02,0.37,-0.02%,-0.18,6.0,9.7,2.0,RF
75.0,854.0,78.0,2024-06-21,NYY,,ATL,L 1-8,CG,4,4,0,0,0,0,0,0,0,0,0,3,0.304,0.428,0.568,0.996,0,0,0,0,0,0,0.47,-0.043,0.4,-0.02%,-1.11,0.0,0.0,2.0,RF
76.0,855.0,79.0,2024-06-22,NYY,,ATL,W 8-3,CG,5,2,1,1,0,0,0,0,0,0,3,1,0.305,0.433,0.567,1.0,1,0,0,0,0,0,0.52,0.098,0.46,0.05%,1.37,11.0,15.2,2.0,RF
77.0,856.0,80.0,2024-06-23,NYY,,ATL,L 1-3,CG,4,4,0,1,0,0,0,0,0,0,0,1,0.305,0.431,0.563,0.994,1,0,0,0,0,0,1.12,-0.108,0.99,-0.06%,-0.68,3.0,3.0,2.0,RF
78.0,857.0,81.0,2024-06-25,NYY,@,NYM,L 7-9,CG,5,3,2,1,0,0,1,1,0,0,2,0,0.305,0.433,0.571,1.004,4,0,0,0,0,0,0.57,0.061,0.53,0.03%,1.19,20.0,27.9,2.0,RF
79.0,858.0,82.0,2024-06-26,NYY,@,NYM,L 2-12,GS-8,4,2,1,0,0,0,0,0,0,0,2,1,0.303,0.434,0.567,1.001,0,0,0,0,0,0,0.33,0.019,0.31,0.01%,0.43,6.0,9.2,2.0,RF
80.0,859.0,83.0,2024-06-27,NYY,@,TOR,L 2-9,CG,4,3,0,0,0,0,0,0,0,0,1,2,0.3,0.432,0.561,0.993,0,0,0,0,0,0,0.42,-0.037,0.4,-0.02%,-0.35,2.0,3.0,2.0,RF
81.0,860.0,84.0,2024-06-28,NYY,@,TOR,W 16-5,CG,5,4,3,2,0,0,1,3,0,0,1,0,0.302,0.434,0.57,1.005,5,0,0,0,0,0,0.94,0.332,0.98,0.21%,2.86,27.0,38.1,2.0,RF
82.0,861.0,86.0,2024-06-30,NYY,@,TOR,W 8-1,CG,5,3,1,1,0,0,0,1,0,0,2,0,0.303,0.437,0.568,1.005,1,0,0,0,0,0,0.5,0.076,0.51,0.05%,0.83,11.0,15.7,2.0,RF
83.0,862.0,87.0,2024-07-02,NYY,,CIN,L 4-5,CG,4,3,0,0,0,0,0,0,0,0,1,0,0.3,0.435,0.562,0.997,0,0,0,0,0,0,0.7,-0.025,0.7,-0.02%,-0.29,2.0,3.0,2.0,RF
84.0,863.0,88.0,2024-07-03,NYY,,CIN,L 2-3,CG,5,3,0,1,0,0,0,0,0,0,2,0,0.3,0.437,0.56,0.997,1,0,0,0,0,0,1.55,0.017,1.57,0.01%,0.4,7.0,9.0,2.0,RF
85.0,864.0,89.0,2024-07-04,NYY,,CIN,L 4-8,CG,4,3,1,1,0,0,1,2,0,0,1,0,0.3,0.438,0.568,1.005,4,0,0,0,0,0,0.58,-0.004,0.6,0.00%,1.48,18.0,25.2,2.0,RF
86.0,865.0,90.0,2024-07-05,NYY,,BOS,L 3-5 (10),CG(10),5,4,1,1,0,0,0,0,0,0,1,1,0.3,0.437,0.564,1.001,1,0,0,0,0,0,1.26,0.158,1.56,0.12%,0.3,7.0,9.2,2.0,RF
87.0,866.0,91.0,2024-07-06,NYY,,BOS,W 14-4,CG,5,5,0,0,0,0,0,0,0,0,0,1,0.295,0.431,0.554,0.986,0,0,0,0,0,0,0.64,-0.081,0.77,-0.06%,-0.96,0.0,0.0,2.0,DH
88.0,867.0,92.0,2024-07-07,NYY,,BOS,L 0-3,CG,4,4,0,1,1,0,0,0,0,0,0,0,0.294,0.43,0.554,0.983,2,0,0,0,0,0,0.95,0.086,1.12,0.06%,0.15,5.0,6.0,2.0,RF
89.0,868.0,93.0,2024-07-09,NYY,@,TBR,L 3-5,CG,5,4,1,0,0,0,0,0,0,0,1,1,0.291,0.427,0.547,0.974,0,0,0,0,0,0,0.97,-0.084,1.13,-0.06%,-0.65,4.0,6.2,2.0,RF
90.0,869.0,94.0,2024-07-10,NYY,@,TBR,W 2-1,CG,4,4,0,2,0,0,0,0,1,0,0,1,0.293,0.428,0.546,0.974,2,0,0,0,0,0,0.66,0.03,0.8,0.02%,0.27,11.0,12.0,2.0,RF
91.0,870.0,95.0,2024-07-11,NYY,@,TBR,L 4-5,CG,5,3,1,2,1,0,1,1,0,0,2,1,0.297,0.432,0.56,0.992,6,0,0,0,0,0,1.19,0.317,1.4,0.23%,2.61,23.0,30.7,2.0,RF
92.0,871.0,96.0,2024-07-12,NYY,@,BAL,W 4-1,CG,5,5,0,2,0,0,0,1,0,0,0,1,0.298,0.432,0.557,0.989,2,0,0,0,0,0,0.41,0.036,0.72,0.04%,0.82,8.0,9.5,2.0,RF
93.0,872.0,97.0,2024-07-13,NYY,@,BAL,W 6-1,CG,5,5,2,2,1,0,1,1,0,0,0,1,0.3,0.431,0.567,0.998,6,0,0,0,0,0,0.71,0.068,1.26,0.07%,1.12,21.0,27.9,2.0,DH
94.0,873.0,98.0,2024-07-14,NYY,@,BAL,L 5-6,CG,5,5,0,0,0,0,0,0,0,0,0,3,0.295,0.426,0.558,0.985,0,0,0,0,0,0,0.86,-0.103,1.56,-0.11%,-0.93,0.0,0.0,2.0,RF
95.0,874.0,99.0,2024-07-19,NYY,,TBR,W 6-1,CG,5,4,3,4,2,0,0,0,0,0,1,0,0.303,0.433,0.569,1.002,6,0,0,0,0,0,0.58,0.127,0.76,0.10%,2.21,24.0,30.6,2.0,RF
96.0,875.0,100.0,2024-07-20,NYY,,TBR,L 1-9,CG,4,4,1,1,0,1,0,0,0,0,0,0,0.303,0.431,0.571,1.003,3,0,0,0,0,0,0.45,-0.028,0.57,-0.02%,0.54,10.0,12.2,2.0,DH
97.0,876.0,101.0,2024-07-21,NYY,,TBR,L 4-6,CG,5,5,1,3,1,0,0,1,0,0,0,0,0.307,0.433,0.575,1.008,4,1,0,0,0,0,1.51,-0.094,1.93,-0.07%,-0.17,15.0,18.7,2.0,RF
98.0,877.0,102.0,2024-07-22,NYY,,TBR,W 9-1,CG,5,5,2,3,1,0,2,4,0,0,0,1,0.311,0.435,0.594,1.029,10,0,0,0,0,0,0.24,0.007,0.32,0.01%,3.82,37.0,50.4,2.0,RF
99.0,878.0,103.0,2024-07-23,NYY,,NYM,L 2-3,CG,5,4,0,0,0,0,0,0,0,0,1,1,0.308,0.432,0.588,1.02,0,0,0,0,0,0,1.49,-0.051,1.89,-0.04%,-0.73,2.0,3.0,2.0,RF
100.0,879.0,104.0,2024-07-24,NYY,,NYM,L 3-12,GS-9,4,3,1,2,1,0,1,1,0,0,1,0,0.311,0.435,0.599,1.035,6,0,0,0,0,0,0.58,0.162,0.72,0.12%,1.51,21.0,27.7,2.0,RF
101.0,880.0,105.0,2024-07-26,NYY,@,BOS,L 7-9,CG,5,4,1,0,0,0,0,0,0,0,1,0,0.307,0.433,0.593,1.026,0,0,0,0,0,0,1.42,-0.079,2.08,-0.07%,-0.84,4.0,6.2,2.0,LF
102.0,881.0,106.0,2024-07-27,NYY,@,BOS,W 11-8 (10),CG(10),6,5,2,2,0,0,1,2,0,0,1,1,0.309,0.433,0.598,1.032,5,0,0,0,0,0,1.96,0.225,3.14,0.22%,1.71,23.0,31.4,2.0,LF
103.0,882.0,107.0,2024-07-28,NYY,@,BOS,W 8-2,CG,5,3,0,0,0,0,0,0,0,0,2,0,0.306,0.433,0.594,1.027,0,0,0,0,0,0,0.68,-0.013,1.05,-0.01%,0.19,4.0,6.0,2.0,LF
104.0,883.0,108.0,2024-07-29,NYY,@,PHI,W 14-4,CG,5,5,2,3,2,0,0,3,0,0,0,1,0.31,0.435,0.599,1.034,5,0,0,0,0,0,0.84,0.096,1.13,0.08%,2.24,23.0,31.9,2.0,RF
105.0,884.0,109.0,2024-07-30,NYY,@,PHI,W 7-6 (12),CG(12),6,4,1,1,0,0,0,0,0,0,2,0,0.309,0.436,0.595,1.031,1,0,0,0,0,0,1.11,0.076,1.43,0.06%,0.49,9.0,12.2,2.0,RF
106.0,885.0,110.0,2024-07-31,NYY,@,PHI,W 6-5,CG,4,3,0,1,0,0,0,0,0,0,1,1,0.309,0.436,0.593,1.03,1,0,0,0,0,0,0.59,-0.007,0.73,-0.01%,0.19,5.0,6.0,2.0,RF
107.0,886.0,111.0,2024-08-02,NYY,,TOR,L 5-8,CG,5,4,2,1,1,0,0,0,0,0,1,1,0.309,0.436,0.592,1.028,2,0,0,0,0,0,0.89,-0.025,1.14,-0.02%,-0.24,11.0,15.4,2.0,RF
108.0,887.0,112.0,2024-08-03,NYY,,TOR,W 8-3,CG,5,5,1,1,0,0,0,0,0,0,0,2,0.308,0.433,0.588,1.021,1,0,0,0,0,0,0.3,0.005,0.4,0.00%,-0.45,5.0,6.2,2.0,RF
109.0,888.0,113.0,2024-08-04,NYY,,TOR,W 4-3 (10),CG(10),5,3,1,2,1,0,1,1,0,0,2,1,0.31,0.437,0.598,1.035,6,0,0,0,0,0,1.41,0.299,1.78,0.23%,1.75,23.0,30.7,2.0,RF
110.0,889.0,114.0,2024-08-07 (1),NYY,,LAA,W 5-2,CG,5,4,0,0,0,0,0,0,0,0,1,0,0.307,0.435,0.592,1.027,0,0,0,0,0,0,0.4,-0.027,0.51,-0.02%,-0.37,2.0,3.0,2.0,RF
111.0,890.0,115.0,2024-08-07 (2),NYY,,LAA,L 2-8,CG,5,5,0,1,0,0,0,0,0,0,0,1,0.306,0.432,0.587,1.02,1,0,0,0,0,0,0.39,-0.011,0.47,-0.01%,-0.54,3.0,3.0,2.0,RF
112.0,891.0,116.0,2024-08-08,NYY,,LAA,L 4-9,CG,4,4,0,1,0,0,0,1,0,0,0,0,0.305,0.431,0.584,1.015,1,0,0,0,0,0,0.58,-0.049,0.72,-0.04%,0.03,5.0,6.5,2.0,RF
113.0,892.0,117.0,2024-08-10 (1),NYY,,TEX,W 8-0,CG,5,3,2,1,0,0,0,1,0,0,2,1,0.305,0.433,0.582,1.015,1,0,0,0,0,0,0.44,0.035,0.55,0.03%,0.03,13.0,18.9,2.0,RF
114.0,893.0,118.0,2024-08-10 (2),NYY,,TEX,L 4-9,CG,4,4,0,0,0,0,0,0,0,0,0,1,0.303,0.429,0.577,1.006,0,0,0,0,0,0,0.71,0.012,0.86,0.01%,0.12,0.0,0.0,2.0,RF
115.0,894.0,119.0,2024-08-11,NYY,,TEX,W 8-7,CG,5,5,2,2,0,0,2,2,0,0,0,0,0.304,0.429,0.589,1.018,8,0,0,0,0,0,0.59,0.014,0.75,0.01%,0.06,28.0,37.4,2.0,RF
116.0,895.0,120.0,2024-08-12,NYY,@,CHW,L 2-12,CG,5,2,0,0,0,0,0,0,0,0,3,0,0.302,0.431,0.586,1.017,0,0,0,0,0,0,1.43,-0.05,1.82,-0.04%,-0.2,6.0,9.0,2.0,RF
117.0,896.0,121.0,2024-08-13,NYY,@,CHW,W 4-1,CG,5,4,3,3,0,0,3,4,0,0,1,0,0.306,0.434,0.608,1.042,12,0,0,0,0,0,0.6,0.324,0.75,0.24%,3.98,46.0,62.6,2.0,RF
118.0,897.0,122.0,2024-08-14,NYY,@,CHW,W 10-2,CG,5,2,3,1,0,0,1,1,0,0,3,0,0.307,0.438,0.615,1.052,4,0,0,0,0,1,0.85,0.159,1.11,0.13%,1.5,24.0,34.1,2.0,RF
119.0,898.0,123.0,2024-08-16,NYY,@,DET,W 3-0,CG,4,3,0,0,0,0,0,0,0,0,1,0,0.305,0.436,0.61,1.047,0,0,0,0,0,0,0.89,-0.03,1.08,-0.02%,-0.45,2.0,3.0,2.0,RF
120.0,899.0,124.0,2024-08-17,NYY,@,DET,L 0-4,CG,4,4,0,0,0,0,0,0,0,0,0,2,0.302,0.433,0.605,1.038,0,0,0,0,0,0,0.74,-0.071,0.89,-0.05%,-1.03,0.0,0.0,2.0,RF
121.0,900.0,125.0,2024-08-18,NYY,@,DET,L 2-3 (10),CG(10),4,3,0,0,0,0,0,0,0,0,1,1,0.3,0.432,0.601,1.033,0,0,0,0,0,0,1.09,0.022,1.42,0.02%,0.07,2.0,3.0,2.0,RF
122.0,901.0,126.0,2024-08-20,NYY,,CLE,L 5-9 (12),CG(12),6,5,1,1,0,0,1,1,0,0,1,1,0.299,0.431,0.603,1.034,4,0,0,0,0,0,1.3,0.073,1.8,0.06%,0.1,16.0,21.7,2.0,RF
123.0,902.0,127.0,2024-08-21,NYY,,CLE,W 8-1,CG,4,3,2,2,1,0,1,5,0,0,1,0,0.302,0.433,0.612,1.045,6,0,0,0,0,0,0.68,0.228,0.99,0.20%,3.88,31.0,44.9,2.0,RF
124.0,903.0,128.0,2024-08-22,NYY,,CLE,W 6-0,CG,4,4,1,0,0,0,0,0,0,0,0,2,0.299,0.43,0.607,1.037,0,0,0,0,0,0,1.07,-0.081,1.53,-0.07%,-1.33,2.0,3.2,2.0,RF
125.0,904.0,129.0,2024-08-23,NYY,,COL,W 3-0,CG,4,3,0,0,0,0,0,0,0,0,1,0,0.297,0.429,0.603,1.032,0,0,0,0,0,0,0.89,-0.033,1.18,-0.03%,-0.59,2.0,3.0,2.0,RF
126.0,905.0,130.0,2024-08-24,NYY,,COL,L 2-9,CG,4,4,0,1,0,0,0,0,0,0,0,1,0.297,0.427,0.6,1.027,1,0,0,0,0,0,0.71,0.028,0.86,0.02%,-0.09,3.0,3.0,2.0,RF
127.0,906.0,131.0,2024-08-25,NYY,,COL,W 10-3,CG,5,4,1,2,0,0,1,2,0,0,1,1,0.299,0.429,0.606,1.034,5,0,0,0,0,0,0.78,0.174,0.99,0.13%,1.8,21.0,28.2,2.0,RF
128.0,907.0,132.0,2024-08-26,NYY,@,WSN,W 5-2,CG,5,4,0,0,0,0,0,0,0,0,1,1,0.296,0.427,0.6,1.027,0,0,0,0,0,0,0.58,-0.022,0.7,-0.02%,-0.74,2.0,3.0,2.0,RF
129.0,908.0,133.0,2024-08-27,NYY,@,WSN,L 2-4,CG,4,4,0,0,0,0,0,0,0,0,0,1,0.294,0.424,0.595,1.019,0,0,0,0,0,0,0.97,0.024,1.13,0.02%,0.31,0.0,0.0,2.0,RF
130.0,909.0,134.0,2024-08-28,NYY,@,WSN,L 2-5,CG,4,4,0,0,0,0,0,0,0,0,0,1,0.291,0.421,0.59,1.012,0,0,0,0,0,0,0.75,-0.058,0.93,-0.04%,-0.74,0.0,0.0,2.0,RF
131.0,910.0,135.0,2024-08-30,NYY,,STL,W 6-3,CG,4,4,1,2,1,0,0,1,0,0,0,1,0.293,0.422,0.592,1.013,3,0,0,0,0,0,0.79,0.139,0.99,0.11%,0.95,12.0,15.7,2.0,RF
132.0,911.0,136.0,2024-08-31,NYY,,STL,L 5-6,CG,5,5,0,1,1,0,0,0,0,0,0,2,0.292,0.42,0.59,1.01,2,1,0,0,0,0,0.91,0.011,1.17,0.01%,-1.14,5.0,6.0,2.0,RF
133.0,912.0,137.0,2024-09-01,NYY,,STL,L 7-14,CG,5,5,0,1,0,0,0,0,0,1,0,0,0.291,0.418,0.586,1.004,1,1,0,0,0,0,1.31,-0.239,1.63,-0.18%,-1.93,3.0,3.0,2.0,RF
134.0,913.0,138.0,2024-09-02,NYY,@,TEX,W 8-4,CG,5,4,1,2,0,0,0,0,0,0,1,0,0.293,0.42,0.585,1.005,2,1,0,0,0,0,0.8,-0.039,1.07,-0.03%,0.04,10.0,12.2,2.0,RF
135.0,914.0,139.0,2024-09-03,NYY,@,TEX,L 4-7,CG,5,3,1,0,0,0,0,0,0,1,1,1,0.291,0.419,0.582,1.001,0,0,1,0,0,0,1.22,-0.047,1.62,-0.04%,-0.46,6.0,9.2,2.0,RF
136.0,915.0,140.0,2024-09-04,NYY,@,TEX,L 6-10,GS-8,4,3,1,3,1,0,1,2,0,0,1,0,0.295,0.423,0.592,1.015,7,0,0,0,0,0,0.54,0.127,0.69,0.10%,2.78,26.0,34.2,2.0,RF
137.0,916.0,141.0,2024-09-06,NYY,@,CHC,W 3-0,CG,4,4,1,1,0,0,0,0,0,0,0,1,0.295,0.422,0.589,1.011,1,0,0,0,0,0,0.93,0.012,1.29,0.01%,-0.08,5.0,6.2,2.0,RF
138.0,917.0,142.0,2024-09-07,NYY,@,CHC,W 2-0,CG,4,2,0,0,0,0,0,0,0,0,2,1,0.294,0.422,0.587,1.01,0,0,0,0,0,0,0.88,0.028,1.19,0.02%,0.43,4.0,6.0,2.0,RF
139.0,918.0,143.0,2024-09-08,NYY,@,CHC,L 1-2,CG,4,4,0,0,0,0,0,0,0,0,0,2,0.291,0.42,0.583,1.002,0,0,0,0,0,0,1.57,-0.159,2.02,-0.12%,-1.1,0.0,0.0,2.0,RF
140.0,919.0,144.0,2024-09-09,NYY,,KCR,W 10-4,CG,5,2,1,1,0,0,0,0,0,0,3,0,0.292,0.423,0.582,1.005,1,0,0,0,0,0,1.18,0.118,1.68,0.10%,1.65,11.0,15.2,2.0,RF
141.0,920.0,145.0,2024-09-10,NYY,,KCR,L 0-5,CG,4,4,0,0,0,0,0,0,0,0,0,2,0.29,0.42,0.578,0.998,0,0,0,0,0,0,0.87,-0.088,1.21,-0.07%,-0.98,0.0,0.0,2.0,RF
142.0,921.0,146.0,2024-09-11,NYY,,KCR,W 4-3 (11),CG(11),5,5,1,1,0,0,1,2,0,0,0,2,0.289,0.418,0.58,0.998,4,0,0,0,0,0,1.58,0.265,2.47,0.25%,1.01,16.0,22.2,2.0,RF
143.0,922.0,147.0,2024-09-12,NYY,,BOS,W 2-1 (10),CG(10),5,4,0,1,0,0,0,1,0,0,1,2,0.289,0.418,0.577,0.996,1,0,0,0,0,0,1.19,0.161,1.65,0.13%,0.47,7.0,9.5,2.0,RF
144.0,923.0,148.0,2024-09-13,NYY,,BOS,W 5-4,CG,4,3,1,0,0,0,0,0,0,0,1,1,0.287,0.417,0.574,0.991,0,0,0,0,0,0,1.3,0.064,1.72,0.05%,0.35,4.0,6.2,2.0,RF
145.0,924.0,149.0,2024-09-14,NYY,,BOS,L 1-7,CG,4,4,0,0,0,0,0,0,0,0,0,1,0.285,0.415,0.57,0.985,0,0,0,0,0,0,0.53,0.005,0.57,0.00%,-0.23,0.0,0.0,2.0,RF
146.0,925.0,150.0,2024-09-15,NYY,,BOS,W 5-2,CG,4,4,1,1,0,0,0,0,0,0,0,1,0.285,0.414,0.567,0.981,1,0,0,0,0,0,0.61,-0.02,0.85,-0.02%,-0.37,5.0,6.2,2.0,RF
147.0,926.0,151.0,2024-09-17,NYY,@,SEA,W 11-2,GS-8,4,2,3,2,1,0,1,2,0,0,2,0,0.287,0.417,0.576,0.994,6,0,0,0,0,0,0.85,0.23,0.98,0.16%,3.32,29.0,40.6,2.0,RF
148.0,927.0,152.0,2024-09-18,NYY,@,SEA,W 2-1 (10),CG(10),4,2,0,1,1,0,0,0,1,0,2,1,0.288,0.419,0.578,0.997,2,0,0,0,0,0,0.53,0.057,0.43,0.03%,0.57,14.0,18.0,2.0,RF
149.0,928.0,153.0,2024-09-19,NYY,@,SEA,L 2-3,CG,4,3,0,0,0,0,0,0,0,0,1,2,0.287,0.418,0.575,0.993,0,0,0,0,0,0,1.23,-0.008,0.54,0.00%,-0.36,2.0,3.0,2.0,RF
150.0,929.0,154.0,2024-09-20,NYY,@,OAK,W 4-2 (10),10-10,1,1,0,1,1,0,0,1,0,0,0,0,0.288,0.419,0.577,0.997,2,0,0,0,0,0,2.38,0.135,1.59,0.05%,1.0,7.0,9.5,7.0,PH
151.0,930.0,155.0,2024-09-21,NYY,@,OAK,W 10-0,CG,6,6,2,2,0,0,0,0,0,0,0,0,0.288,0.418,0.575,0.993,2,0,0,0,0,0,0.36,0.071,0.23,0.03%,-0.27,10.0,12.4,2.0,RF
152.0,931.0,156.0,2024-09-22,NYY,@,OAK,W 7-4,CG,5,3,2,0,0,0,0,0,0,0,1,0,0.287,0.418,0.572,0.99,0,0,1,0,0,0,0.87,-0.045,0.26,-0.01%,-0.04,8.0,12.4,2.0,RF
153.0,932.0,157.0,2024-09-24,NYY,,BAL,L 3-5,CG,4,4,0,1,0,0,0,1,0,0,0,0,0.286,0.417,0.569,0.987,1,0,0,0,0,0,1.86,-0.085,0.3,-0.01%,-0.42,5.0,6.5,2.0,RF
154.0,933.0,158.0,2024-09-25,NYY,,BAL,L 7-9,CG,5,4,2,2,0,0,1,3,0,0,1,1,0.288,0.419,0.574,0.993,5,0,0,0,0,0,0.49,0.03,0.14,0.01%,2.85,25.0,34.9,2.0,RF
155.0,934.0,159.0,2024-09-26,NYY,,BAL,W 10-1,CG,4,4,2,1,0,0,0,0,0,0,0,2,0.288,0.418,0.572,0.99,1,0,0,0,0,0,0.53,0.006,0.19,0.00%,0.38,7.0,9.4,2.0,RF
156.0,935.0,160.0,2024-09-27,NYY,,PIT,L 2-4,CG,4,3,0,1,0,0,0,0,1,0,1,2,0.288,0.418,0.571,0.989,1,0,0,0,0,1,1.26,0.036,0.22,0.00%,0.73,10.0,12.0,2.0,DH
157.0,936.0,161.0,2024-09-28,NYY,,PIT,L 4-9,CG,5,3,0,1,0,0,0,1,0,0,2,1,0.288,0.419,0.569,0.989,1,0,0,0,0,0,0.93,-0.018,0.16,0.00%,0.52,9.0,12.5,2.0,RF
,,,,,,,92-65,,713,576,128,166,31,4,41,109,7,4,129,119,0.288,0.419,0.569,0.989,328,10,4,0,4,2,0.87,5.908,1.0,3.99%,69.54,19.0,25.2,,
